,Incident ID,Occurrence Time,Report Time,Type,Disposition,Address,Latitute,Longitude
0,2023-00010807,02/01/23 09:38,02/01/23 09:38,Disorderly Conduct,CBE,"8056 Regents Dr, College Park, MD 20742, USA",38.989536,-76.940928
1,2023-00010816,02/01/23 10:48,02/01/23 10:48,Trespassing,Arrest,"4310 Knox Rd, College Park, MD 20740, USA",38.9812715,-76.9414146
2,2023-00010833,01/31/23 16:00,02/01/23 12:37,Theft,Active/Pending,"3972 Campus Dr, College Park, MD 20742, USA",38.9881767,-76.94466779999999
3,2023-00010834,01/30/23 12:00,02/01/23 12:52,Theft,Investigation Pending,"7751 Alumni Dr, College Park, MD 20742, USA",38.9859487,-76.9485837
4,2023-00010872,02/01/23 16:02,02/01/23 16:18,Theft,Arrest,"3972 Campus Dr, College Park, MD 20742, USA",38.9881767,-76.94466779999999
5,2023-00010922,02/01/23 19:19,02/01/23 19:19,Emergency Petition,CBE,"4300 Hartwick Rd, College Park, MD 20740, USA",38.9803817,-76.942064
6,2023-00011019,02/02/23 00:27,02/02/23 01:45,Emergency Petition,CBE,"8169 Paint Branch Dr, College Park, MD 20740, USA",38.98999999999999,-76.93611109999999
7,2023-00011162,02/02/23 12:32,02/02/23 12:32,Emergency Petition,CBE,"4100 Campus Dr, College Park, MD 20740, USA",38.9875385,-76.94255849999999
8,2023-00011168,01/27/23 09:45,02/02/23 15:44,Injured/Sick Person,CBE,"Union Ln, College Park, MD 20742, USA",38.9880313,-76.9454162
9,2023-00011179,02/02/23 16:48,02/02/23 16:48,Injured/Sick Person,CBE,"Susquehanna Hall, 4200 Lehigh Rd, College Park, MD 20742, USA",38.9821079,-76.9437359
10,2023-00011196,02/01/23 18:30,02/02/23 18:46,Injured/Sick Person,CBE,"Animal Science/Agricultural Engineering Bldg, 8127 Regents Dr, College Park, MD 20740, USA",38.9916802,-76.9399602
11,2023-00011217,02/02/23 19:57,02/02/23 19:57,Injured/Sick Person,CBE,"4128 Valley Dr, College Park, MD 20742, USA",38.9936034,-76.94517359999999
12,2023-00011370,02/03/23 02:24,02/03/23 02:24,DWI/DUI,Arrest,"University Blvd E, College Park, MD, USA",38.9955785,-76.949257
13,2023-00011503,01/12/23 16:00,02/03/23 10:54,Theft,Investigation Pending,"8500 Paint Branch Dr, College Park, MD 20742, USA",38.994996,-76.94044699999999
14,2023-00011687,02/03/23 19:10,02/03/23 23:17,Title IX Incident Non Criminal,Active/Pending,"7649 S Library Ln, College Park, MD 20742, USA",38.9859704,-76.9450882
15,2023-00011695,02/04/23 00:27,02/04/23 00:27,Injured/Sick Person,CBE,"4230 Farm Dr, College Park, MD 20742, USA",38.9917298,-76.9430507
16,2023-00012032,02/05/23 00:08,02/05/23 00:08,Injured/Sick Person,CBE,"3711 Campus Dr, College Park, MD 20740, USA",38.9841865,-76.94924069999999
17,2023-00012059,02/05/23 01:30,02/05/23 01:30,DWI/DUI,Arrest,"Guilford Dr, College Park, MD, USA",38.9793244,-76.9410272
18,2023-00012071,02/05/23 03:19,02/05/23 03:19,CDS Violation,Arrest,"55 Diamondback Dr, College Park, MD 20740, USA",38.9863931,-76.933836
19,2023-00012242,02/05/23 20:00,02/05/23 20:30,CDS Violation,CBE,"6 Fraternity Row, College Park, MD 20740, USA",38.9843284,-76.93416979999999
20,2023-00012258,02/05/23 17:48,02/05/23 22:03,Trespassing,Active/Pending,"3424 Tulane Dr, Hyattsville, MD 20783, USA",38.9846488,-76.9573158
21,2023-00012308,02/05/23 18:30,02/06/23 01:19,Injured/Sick Person,CBE,"8097 La Plata Drive, College Park, MD 20742, USA",38.9920012,-76.9450171
22,2023-00012401,02/06/23 09:10,02/06/23 09:10,Injured/Sick Person,CBE,"4200 Valley Dr, College Park, MD 20742, USA",38.9931171,-76.9428499
23,2023-00012447,02/03/23 17:00,02/06/23 12:11,Vandalism,Active/Pending,"Hagerstown Hall, Hagerstown Hall, 8075 Hagerstown Ln, College Park, MD 20742, USA",38.9924323,-76.9474865
24,2023-00012451,02/06/23 12:25,02/06/23 12:29,Injured/Sick Person,CBE,"3983 Campus Dr, College Park, MD 20742, USA",38.9872383,-76.9444561
25,2023-00012550,02/06/23 17:56,02/06/23 17:56,Emergency Petition,CBE,"4200 Chapel Ln, College Park, MD 20740, USA",38.984615,-76.94246389999999
26,2023-00012570,02/06/23 20:53,02/06/23 20:53,Injured/Sick Person,CBE,"3501 University Blvd E, Adelphi, MD 20783, USA",38.9864552,-76.95399309999999
27,2023-00012733,02/07/23 06:20,02/07/23 06:31,Assist Other Agency / Other,CBE,"College Park, MD, USA",38.9896967,-76.93776
28,2023-00012833,02/07/23 10:02,02/07/23 12:52,Theft,Summons Issued,"3972 Campus Dr, College Park, MD 20742, USA",38.9881767,-76.94466779999999
29,2023-00012858,02/06/23 06:09,02/07/23 14:28,Dept Property Damage/Loss,Active/Pending,"4716 Pontiac St, College Park, MD 20740, USA",38.99430470000001,-76.93139029999999
30,2023-00012860,02/06/23 18:00,02/07/23 14:17,Theft,Active/Pending,"8100 Boteler Ln, College Park, MD 20740, USA",39.0021356,-76.9415752
31,2023-00012861,02/07/23 14:48,02/07/23 14:48,Assist Other Agency / Check on the Welfare,Active/Pending,"8601 Adelphi Rd, College Park, MD 20740, USA",39.00052489999999,-76.9596392
32,2023-00012927,02/07/23 19:19,02/07/23 19:34,Suspicious Activity (Title IX Related),Active/Pending,"8100 Baltimore Ave, College Park, MD 20742, USA",38.9888425,-76.9351918
33,2023-00013031,02/08/23 01:23,02/08/23 01:32,Injured/Sick Person,CBE,"7567 Regents Dr, College Park, MD 20742, USA",38.9822814,-76.938913
34,2023-00013165,02/01/23 07:00,02/08/23 14:14,Vandalism,Active/Pending,"Chemistry Bldg, 8051 Regents Dr, College Park, MD 20742, USA",38.9899295,-76.9401173
35,2023-00013169,01/23/23 12:00,02/08/23 14:30,Theft,Investigation Pending,"8400 Boteler Ln, College Park, MD 20740, USA",39.0020587,-76.94301569999999
36,2023-00013180,02/07/23 08:00,02/08/23 15:36,Stolen Motor Vehicle,Active/Pending,"4155 Terrapin Trail, College Park, MD 20742, USA",38.9951868,-76.9426639
37,2023-00013192,02/01/23 18:30,02/08/23 17:20,Stolen Motor Vehicle,Active/Pending,"4025 Stadium Dr, College Park, MD 20742, USA",38.9911773,-76.94883159999999
38,2023-00013202,02/08/23 17:00,02/08/23 18:54,Theft,Investigation Pending,"8200 Boteler Ln, College Park, MD 20740, USA",39.001599,-76.9420109
39,2023-00013465,02/09/23 09:00,02/09/23 09:25,Assist Other Agency / Check on the Welfare,CBE,"7570 Calvert Service Ln, College Park, MD 20742, USA",38.9832562,-76.9426873
40,2023-00013489,02/09/23 12:02,02/09/23 12:02,Assault,CBE,"Biology - Psychology Building, 4094 Campus Dr, College Park, MD 20742, USA",38.988822,-76.9426024
41,2023-00013543,02/09/23 17:24,02/09/23 17:24,Fire,CBE,"7801 Alumni Dr, College Park, MD 20742, USA",38.9895972,-76.9491342
42,2023-00013892,02/10/23 13:24,02/10/23 13:24,Injured/Sick Person,CBE,"8000 Hagerstown Ln, College Park, MD 20740, USA",38.9924318,-76.94770380000001
43,2023-00013903,02/09/23 15:00,02/10/23 15:26,Stolen Motor Vehicle,Active/Pending,"4025 Stadium Dr, College Park, MD 20742, USA",38.9911773,-76.94883159999999
44,2023-00013990,02/03/23 12:00,02/10/23 14:38,Theft,Active/Pending,"South Campus Commons #3, College Park, MD 20740, USA",38.9814517,-76.9397662
45,2023-00013991,02/10/23 10:13,02/10/23 17:06,Other Incident,CBE,"8500 Boteler Ln, College Park, MD 20740, USA",39.0030954,-76.9424137
46,2023-00014148,02/11/23 01:30,02/11/23 01:31,Injured/Sick Person,CBE,"Regents Dr, College Park, MD 20742, USA",38.9874356,-76.9399595
47,2023-00014158,02/11/23 01:55,02/11/23 01:55,CDS Violation,Arrest,"Greenbelt Rd, College Park, MD, USA",38.9980376,-76.9194909
48,2023-00014159,02/11/23 01:58,02/11/23 01:58,Injured/Sick Person,CBE,"4330 Hartwick Rd, College Park, MD 20740, USA",38.9802374,-76.94016069999999
49,2023-00014222,02/11/23 06:11,02/11/23 06:11,DWI/DUI,Arrest,"University Blvd E, College Park, MD, USA",38.9955785,-76.949257
50,2023-00014417,02/11/23 22:25,02/11/23 22:25,DWI/DUI,Arrest,"Baltimore Ave, College Park, MD, USA",38.9979916,-76.9315488
51,2023-00014428,02/11/23 08:30,02/11/23 22:41,Vandalism,Active/Pending,"Hagerstown Hall, Hagerstown Hall, 8075 Hagerstown Ln, College Park, MD 20742, USA",38.9924323,-76.9474865
52,2023-00014441,02/11/23 23:27,02/11/23 23:27,Disorderly Conduct,Arrest,"Baltimore Ave, College Park, MD, USA",38.9979916,-76.9315488
53,2023-00014447,02/11/23 23:38,02/11/23 23:38,Injured/Sick Person,CBE,"3981 Denton Service Ln, College Park, MD 20742, USA",38.9923917,-76.9489353
54,2023-00014530,02/12/23 04:50,02/12/23 04:50,DWI/DUI,Arrest,"University Blvd E, College Park, MD, USA",38.9955785,-76.949257
55,2023-00014632,02/07/23 11:00,02/12/23 16:12,Injured Officer,CBE,"Pocomoke Building, 7569 Baltimore Ave, College Park, MD 20742, USA",38.9829309,-76.93713629999999
56,2023-00014687,02/12/23 20:35,02/12/23 21:00,Accident,CBE,"8056 Regents Dr, College Park, MD 20742, USA",38.989536,-76.940928
57,2023-00014724,02/13/23 01:35,02/13/23 01:47,Injured/Sick Person,CBE,"4600 College Ave, College Park, MD 20740, USA",38.9815716,-76.9344835
58,2023-00014774,02/10/23 17:00,02/13/23 05:59,Damage to State Property,Active/Pending,"4170 Union Ln, College Park, MD 20742, USA",38.9887421,-76.9461374
59,2023-00014912,02/13/23 09:55,02/13/23 12:12,Theft,Investigation Pending,"Biology - Psychology Building, 4094 Campus Dr, College Park, MD 20742, USA",38.988822,-76.9426024
60,2023-00014949,02/08/23 07:30,02/13/23 13:58,Suspicious Activity,CBE,"8056 Regents Dr, College Park, MD 20742, USA",38.989536,-76.940928
61,2023-00014956,02/13/23 11:30,02/13/23 14:27,Theft,Active/Pending,"7660 Regents Dr, College Park, MD 20742, USA",38.9825215,-76.9408413
62,2023-00014957,02/10/23 14:00,02/13/23 14:28,Theft,Active/Pending,"Hagerstown Hall, Hagerstown Hall, 8075 Hagerstown Ln, College Park, MD 20742, USA",38.9924323,-76.9474865
63,2023-00014992,02/13/23 19:22,02/13/23 19:22,Indecent Exposure (Title IX Related),Arrest,"4516 Knox Rd, College Park, MD 20740, USA",38.9806583,-76.935903
64,2023-00015040,02/14/23 00:21,02/14/23 00:21,DWI/DUI,Arrest,"Campus Dr, College Park, MD, USA",38.9840218,-76.9321987
65,2023-00015101,02/10/23 07:45,02/14/23 09:11,Suspicious Activity,CBE,"8056 Regents Dr, College Park, MD 20742, USA",38.989536,-76.940928
66,2023-00015102,02/14/23 09:00,02/14/23 09:12,Damage to State Property,CBE,"Hagerstown Hall, Hagerstown Hall, 8075 Hagerstown Ln, College Park, MD 20742, USA",38.9924323,-76.9474865
67,2023-00015111,02/01/23 19:29,02/14/23 10:04,Fraud,Active/Pending,"Hagerstown Hall, Hagerstown Hall, 8075 Hagerstown Ln, College Park, MD 20742, USA",38.9924323,-76.9474865
68,2023-00015114,02/09/23 09:00,02/14/23 10:30,Suspicious Activity,CBE,"8056 Regents Dr, College Park, MD 20742, USA",38.989536,-76.940928
69,2023-00015123,02/09/23 17:00,02/14/23 11:41,Other Incident,CBE,"School of Public Health Building, 4200 Valley Dr, College Park, MD 20742, USA",38.993454,-76.9431565
70,2023-00015136,02/14/23 13:25,02/14/23 13:34,Suspicious Activity,Unfounded,"4136 Stadium Dr, College Park, MD 20740, USA",38.99125000000001,-76.9447426
71,2023-00015165,02/14/23 18:14,02/14/23 18:14,Injured/Sick Person,CBE,"4250 Lehigh Rd, College Park, MD 20740, USA",38.9823159,-76.94293569999999
72,2023-00015185,02/14/23 18:00,02/14/23 19:54,Theft,Investigation Pending,"7675 Baltimore Ave, College Park, MD 20740, USA",38.985037,-76.936431
73,2023-00015220,02/14/23 21:00,02/14/23 22:49,Injured/Sick Person,CBE,"La Plata Hall, 8160 Farm Dr, College Park, MD 20742, USA",38.9924924,-76.9458894
74,2023-00015275,02/15/23 02:04,02/15/23 02:04,DWI/DUI,Arrest,"University Blvd E, College Park, MD, USA",38.9955785,-76.949257
75,2023-00015332,02/15/23 01:00,02/15/23 09:25,Theft,Active/Pending,"7700 Adelphi Rd, Adelphi, MD 20783, USA",38.9843299,-76.9557145
76,2023-00015378,02/15/23 10:50,02/15/23 13:01,Theft,Investigation Pending,"John S. Toll Physics Building, 4150 Campus Dr, College Park, MD 20740, USA",38.988616,-76.9399996
77,2023-00015400,02/11/23 12:45,02/15/23 15:14,Theft,Investigation Pending,"7744 Regents Dr, College Park, MD 20742, USA",38.984158,-76.94049799999999
78,2023-00015432,02/15/23 09:15,02/15/23 17:38,Suspicious Activity,CBE,"8056 Regents Dr, College Park, MD 20742, USA",38.989536,-76.940928
79,2023-00015436,02/03/23 08:00,02/15/23 17:57,Fraud,Unfounded,"Stadium Dr, College Park, MD 20740, USA",38.9918209,-76.94666769999999
80,2023-00015499,02/15/23 22:15,02/15/23 22:15,Emergency Petition,CBE,"7591 Mowatt Ln, College Park, MD 20742, USA",38.9818227,-76.9456046
81,2023-00015616,02/16/23 07:00,02/16/23 07:32,Assist Other Agency / Other,CBE,"Hagerstown Hall, 4000 Stadium Dr, College Park, MD 20742, USA",38.9924384,-76.9474152
82,2023-00015633,02/14/23 12:30,02/16/23 08:29,Other Incident,CBE,"3972 Campus Dr, College Park, MD 20742, USA",38.9881767,-76.94466779999999
83,2023-00015661,02/16/23 10:00,02/16/23 10:00,Suspicious Activity,CBE,"3424 Tulane Dr, Hyattsville, MD 20783, USA",38.9846488,-76.9573158
84,2023-00015674,02/16/23 11:15,02/16/23 11:15,Emergency Petition,CBE,"3983 Campus Dr, College Park, MD 20742, USA",38.9872383,-76.9444561
85,2023-00015679,02/16/23 11:37,02/16/23 11:37,Emergency Petition,CBE,"4200 Chapel Ln, College Park, MD 20740, USA",38.984615,-76.94246389999999
86,2023-00015704,02/16/23 15:55,02/16/23 15:58,Injured/Sick Person,CBE,"7218 Preinkert Dr, College Park, MD 20742, USA",38.9837452,-76.94570499999999
87,2023-00015742,02/16/23 19:03,02/16/23 19:03,Assault,CBE,"8500 Paint Branch Dr, College Park, MD 20740, USA",38.9957391,-76.94180639999999
88,2023-00015744,02/16/23 18:00,02/16/23 19:07,Injured/Sick Person,CBE,"8500 Paint Branch Dr, College Park, MD 20740, USA",38.9957391,-76.94180639999999
89,2023-00015770,02/16/23 20:00,02/16/23 22:28,Vandalism,Investigation Pending,"Hagerstown Hall, Hagerstown Hall, 8075 Hagerstown Ln, College Park, MD 20742, USA",38.9924323,-76.9474865
90,2023-00015832,02/17/23 00:41,02/17/23 00:41,DWI/DUI,Arrest,"University Blvd E, College Park, MD, USA",38.9955785,-76.949257
91,2023-00015865,02/17/23 03:00,02/17/23 03:00,Weapon Violation,Arrest,"University Blvd E, College Park, MD, USA",38.9955785,-76.949257
92,2023-00015976,02/16/23 18:00,02/17/23 10:03,Theft,Investigation Pending,"4100 N Library Ln, College Park, MD 20740, USA",38.98644000000001,-76.945182
93,2023-00015994,02/15/23 10:30,02/17/23 10:35,Suspicious Activity,CBE,"8056 Regents Dr, College Park, MD 20742, USA",38.989536,-76.940928
94,2023-00016079,02/17/23 12:00,02/17/23 16:58,Theft,Investigation Pending,"Baltimore Hall, 7497 Calvert Service Ln, College Park, MD 20742, USA",38.9822549,-76.94220539999999
95,2023-00016087,02/17/23 17:00,02/17/23 17:16,Injured/Sick Person,CBE,"6800 Preinkert Dr, College Park, MD 20740, USA",38.9821747,-76.9448626
96,2023-00016127,02/17/23 12:00,02/17/23 19:05,Injured/Sick Person,CBE,"6800 Preinkert Dr, College Park, MD 20740, USA",38.9821747,-76.9448626
97,2023-00016210,02/17/23 23:00,02/17/23 23:21,Injured/Sick Person,CBE,"Baltimore Ave, College Park, MD, USA",38.9979916,-76.9315488
98,2023-00016216,02/17/23 23:47,02/17/23 23:47,DWI/DUI,Arrest,"Baltimore Ave, College Park, MD, USA",38.9979916,-76.9315488
99,2023-00016224,02/18/23 00:25,02/18/23 00:25,Injured/Sick Person,CBE,"4118 Stadium Dr, College Park, MD 20742, USA",38.9910261,-76.9455306
100,2023-00016225,02/17/23 21:00,02/18/23 00:32,Injured/Sick Person,CBE,"Susquehanna Hall, 4200 Lehigh Rd, College Park, MD 20742, USA",38.9821079,-76.9437359
101,2023-00016229,02/17/23 21:00,02/18/23 01:00,Injured/Sick Person,CBE,"Susquehanna Hall, 4200 Lehigh Rd, College Park, MD 20742, USA",38.9821079,-76.9437359
102,2023-00016231,02/18/23 01:21,02/18/23 01:21,Injured/Sick Person,CBE,"Hagerstown Hall, Hagerstown Hall, 8075 Hagerstown Ln, College Park, MD 20742, USA",38.9924323,-76.9474865
103,2023-00016232,02/18/23 01:34,02/18/23 01:34,CDS Violation,CBE,"4128 Valley Dr, College Park, MD 20742, USA",38.9936034,-76.94517359999999
104,2023-00016352,02/13/23 08:00,02/18/23 11:00,Suspicious Activity,CBE,"8056 Regents Dr, College Park, MD 20742, USA",38.989536,-76.940928
105,2023-00016386,02/18/23 13:30,02/18/23 13:35,Injured/Sick Person,CBE,"4200 Valley Dr, College Park, MD 20742, USA",38.9931171,-76.9428499
106,2023-00016405,02/14/23 18:15,02/18/23 15:04,Vandalism,Investigation Pending,"College Park, MD, USA",38.9896967,-76.93776
107,2023-00016419,02/18/23 17:15,02/18/23 17:16,CDS Violation,Active/Pending,"9 Fraternity Row, College Park, MD 20740, USA",38.9832908,-76.9346099
108,2023-00016420,02/18/23 11:00,02/18/23 17:15,Theft,Active/Pending,"7660 Regents Dr, College Park, MD 20742, USA",38.9825215,-76.9408413
109,2023-00016491,02/18/23 22:00,02/19/23 00:17,Other Incident,CBE,"South Campus Commons #3, College Park, MD 20740, USA",38.9814517,-76.9397662
110,2023-00016495,02/19/23 00:59,02/19/23 00:59,Injured/Sick Person,CBE,"Pocomoke Building, 7569 Baltimore Ave, College Park, MD 20742, USA",38.9829309,-76.93713629999999
111,2023-00016496,02/18/23 19:00,02/19/23 00:43,Injured/Sick Person,CBE,"3854 Stadium Dr, College Park, MD 20742, USA",38.99224540000001,-76.9499816
112,2023-00016502,02/19/23 01:48,02/19/23 01:48,Injured/Sick Person,CBE,"Jull Hall, 4196 Stadium Dr, College Park, MD 20742, USA",38.9908501,-76.94362339999999
113,2023-00016506,02/18/23 23:00,02/19/23 02:12,Injured/Sick Person,CBE,"3900 Denton Service Ln, College Park, MD 20740, USA",38.993375,-76.94968999999999
114,2023-00016915,02/19/23 23:30,02/20/23 06:48,Other Incident,Unfounded,"7218 Preinkert Dr, College Park, MD 20742, USA",38.9837452,-76.94570499999999
115,2023-00017059,02/20/23 12:00,02/20/23 14:55,Assault,Active/Pending,"3951 Denton Service Ln, College Park, MD 20742, USA",38.9926583,-76.949814
116,2023-00017070,02/17/23 11:30,02/20/23 16:33,Theft,Active/Pending,"A.V. Williams Bldg, 8223 Paint Branch Dr, College Park, MD 20740, USA",38.9907707,-76.9364399
117,2023-00017340,02/20/23 15:37,02/21/23 15:02,Trespassing,Arrest,"4128 Valley Dr, College Park, MD 20742, USA",38.9936034,-76.94517359999999
118,2023-00017363,02/20/23 18:50,02/21/23 16:32,Theft,Investigation Pending,"4128 Valley Dr, College Park, MD 20742, USA",38.9936034,-76.94517359999999
119,2023-00017403,02/21/23 19:30,02/21/23 19:48,Accident - Departmental,CBE,"7300 Baltimore Ave, College Park, MD 20740, USA",38.9798471,-76.938289
120,2023-00017404,02/13/23 11:00,02/21/23 19:55,Threat Assessment,Active/Pending,"4281 Chapel Drive, College Park, MD 20742, USA",38.9839486,-76.9425988
121,2023-00017414,02/21/23 21:30,02/21/23 21:40,Injured/Sick Person,CBE,"8500 Paint Branch Dr, College Park, MD 20740, USA",38.9957391,-76.94180639999999
122,2023-00017454,02/22/23 00:44,02/22/23 00:44,DWI/DUI,Arrest,"Baltimore Ave, College Park, MD, USA",38.9979916,-76.9315488
123,2023-00017459,02/22/23 01:09,02/22/23 01:09,Recovered Stolen Property,CBE,"Ehrensberger Dr, College Park, MD 20742, USA",38.9865,-76.9546635
124,2023-00017546,02/20/23 08:00,02/22/23 07:28,Theft,Unfounded,"7649 S Library Ln, College Park, MD 20742, USA",38.9859704,-76.9450882
125,2023-00017560,02/22/23 10:22,02/22/23 10:22,Injured/Sick Person,CBE,"La Plata Hall, 8160 Farm Dr, College Park, MD 20742, USA",38.9924924,-76.9458894
126,2023-00017626,02/22/23 11:00,02/22/23 13:04,Theft,Investigation Pending,"Jimenez Hall, College Park, MD 20740, USA",38.9868786,-76.9446035
127,2023-00017676,12/23/22 08:00,02/22/23 16:54,Theft,Investigation Pending,"3800 Campus Dr, College Park, MD 20740, USA",38.9848064,-76.9490754
128,2023-00017701,02/21/23 23:00,02/22/23 17:57,Theft,Investigation Pending,"7093 Preinkert Dr, College Park, MD 20740, USA",38.9833309,-76.9437058
129,2023-00017855,02/22/23 23:47,02/22/23 23:47,Injured/Sick Person,CBE,"4400 Lehigh Rd, College Park, MD 20740, USA",38.981758,-76.9394119
130,2023-00017944,02/22/23 08:20,02/23/23 09:02,Other Incident,Active/Pending,"College Park, MD 20740, USA",38.9850037,-76.9512532
131,2023-00018036,02/23/23 13:40,02/23/23 13:51,Animal Complaint,CBE,"McKeldin Mall, 7998 Regents Dr, College Park, MD 20742, USA",38.9860033,-76.94241540000002
132,2023-00018427,02/24/23 10:55,02/24/23 10:55,Emergency Petition,CBE,"3900 Campus Dr, College Park, MD 20742, USA",38.98595479999999,-76.94751149999999
133,2023-00018455,02/24/23 13:05,02/24/23 13:05,Emergency Petition,CBE,"4600 Rossborough Ln, College Park, MD 20740, USA",38.9854479,-76.9363898
134,2023-00018458,01/11/23 20:56,02/24/23 14:39,Other Incident,Active/Pending,"Pocomoke Building, 7569 Baltimore Ave, College Park, MD 20742, USA",38.9829309,-76.93713629999999
135,2023-00018480,02/24/23 16:45,02/24/23 16:45,Accident - Departmental,CBE,"490 Baltimore Ave, Laurel, MD 20707, USA",39.0965971,-76.8515527
136,2023-00018616,02/24/23 22:03,02/24/23 22:07,CDS Violation,Active/Pending,"School of Public Health Building, 4200 Valley Dr, College Park, MD 20742, USA",38.993454,-76.9431565
137,2023-00018633,02/24/23 23:31,02/24/23 23:31,Traffic Arrest,Arrest,"Baltimore Ave, College Park, MD, USA",38.9979916,-76.9315488
138,2023-00018664,02/25/23 01:30,02/25/23 02:13,Vandalism,Arrest,"8000 Hagerstown Ln, College Park, MD 20740, USA",38.9924318,-76.94770380000001
139,2023-00018823,02/24/23 21:52,02/25/23 16:58,Hate Bias Incident,Active/Pending,"4200 Farm Dr, College Park, MD 20740, USA",38.99148539999999,-76.943916
140,2023-00018826,02/25/23 17:20,02/25/23 17:29,Injured/Sick Person,CBE,"8100 Paint Branch Dr, College Park, MD 20740, USA",38.9889985,-76.9368416
141,2023-00018903,02/26/23 00:20,02/26/23 00:49,Injured/Sick Person,CBE,"4525 College Ave, College Park, MD 20740, USA",38.9814363,-76.9360573
142,2023-00018911,02/26/23 01:49,02/26/23 02:03,Assault,Active/Pending,"3400 Tulane Dr, Adelphi, MD 20783, USA",38.9849082,-76.9585946
143,2023-00018912,02/26/23 02:24,02/26/23 02:24,DWI/DUI,Arrest,"Tecumseh St, College Park, MD 20740, USA",38.9972163,-76.9286497
144,2023-00018914,02/26/23 03:58,02/26/23 03:58,Injured/Sick Person,CBE,"3854 Stadium Dr, College Park, MD 20742, USA",38.99224540000001,-76.9499816
145,2023-00018915,02/26/23 04:22,02/26/23 04:22,DWI/DUI,Arrest,"7591 Mowatt Ln, College Park, MD 20742, USA",38.9818227,-76.9456046
146,2023-00018947,02/25/23 16:00,02/26/23 08:48,Stolen Motor Vehicle,Active/Pending,"3400 Tulane Dr, Adelphi, MD 20783, USA",38.9849082,-76.9585946
147,2023-00019013,02/26/23 13:55,02/26/23 13:59,Assault,Active/Pending,"8500 Paint Branch Dr, College Park, MD 20740, USA",38.9957391,-76.94180639999999
148,2023-00019017,02/24/23 21:24,02/26/23 14:08,Extortion,Active/Pending,"7565 Calvert Service Ln, College Park, MD 20742, USA",38.9832801,-76.9417553
149,2023-00019026,02/26/23 14:30,02/26/23 14:30,Suspicious Activity,Active/Pending,"Ehrensberger Dr, College Park, MD 20742, USA",38.9865,-76.9546635
150,2023-00019125,02/27/23 01:18,02/27/23 01:18,DWI/DUI,Arrest,"Baltimore Ave, College Park, MD, USA",38.9979916,-76.9315488
151,2023-00019242,02/27/23 10:38,02/27/23 10:38,Emergency Petition,CBE,"3900 Denton Service Ln, College Park, MD 20740, USA",38.993375,-76.94968999999999
152,2023-00019340,02/24/23 23:30,02/27/23 15:23,Title IX Incident Non Criminal,CBE,"Hagerstown Hall, 4000 Stadium Dr, College Park, MD 20742, USA",38.9924384,-76.9474152
153,2023-00019349,02/26/23 18:20,02/27/23 13:33,Theft,Summons Issued,"7675 Baltimore Ave, College Park, MD 20740, USA",38.985037,-76.936431
154,2023-00019404,02/27/23 23:04,02/27/23 23:04,CDS Violation,Arrest,"4500 College Ave, College Park, MD 20740, USA",38.9820624,-76.93706829999999
155,2023-00019439,02/28/23 01:03,02/28/23 01:03,Check on the  Welfare,CBE,"6801 Preinkert Dr, College Park, MD 20740, USA",38.9814706,-76.9446383
156,2023-00019476,02/28/23 04:28,02/28/23 04:28,Emergency Petition,CBE,"4118 Stadium Dr, College Park, MD 20742, USA",38.9910261,-76.9455306
157,2023-00019580,02/28/23 10:15,02/28/23 10:29,Theft,Active/Pending,"3972 Campus Dr, College Park, MD 20742, USA",38.9881767,-76.94466779999999
158,2023-00019588,02/28/23 11:03,02/28/23 11:03,Injured/Sick Person,CBE,"8125 Paint Branch Dr, College Park, MD 20742, USA",38.9891232,-76.9364707
159,2023-00019607,02/24/23 00:00,02/28/23 12:16,Title IX Incident Non Criminal,CBE,"Pocomoke Building, 7569 Baltimore Ave, College Park, MD 20742, USA",38.9829309,-76.93713629999999
160,2023-00019678,02/28/23 17:44,02/28/23 17:44,CDS Violation,Arrest,"University Blvd E, College Park, MD, USA",38.9955785,-76.949257
161,2023-00019705,02/28/23 11:00,02/28/23 20:11,Theft,Active/Pending,"4130 Campus Dr, College Park, MD 20740, USA",38.9882026,-76.94136879999999
162,2023-00019900,03/01/23 08:04,03/01/23 08:04,Injured/Sick Person,CBE,"Ehrensberger Dr, College Park, MD 20742, USA",38.9865,-76.9546635
163,2023-00019953,03/01/23 10:58,03/01/23 10:58,Injured/Sick Person,CBE,"3900 Denton Service Ln, College Park, MD 20740, USA",38.993375,-76.94968999999999
164,2023-00019958,03/01/23 11:14,03/01/23 11:14,Suspicious Person/Auto,CBE,"3972 Campus Dr, College Park, MD 20742, USA",38.9881767,-76.94466779999999
165,2023-00019960,02/28/23 13:43,03/01/23 11:42,Other Incident,CBE,"Physical Distribution Center, 4505 Campus Dr, College Park, MD 20740, USA",38.9819406,-76.9291952
166,2023-00020002,03/01/23 17:00,03/01/23 17:59,Other Incident,Active/Pending,"Dorchester Hall, Campus Dr, College Park, MD 20740, USA",38.986707,-76.9461816
167,2023-00020070,03/01/23 22:40,03/01/23 22:40,Warrant/Summons Service,Arrest,"University Blvd E, College Park, MD, USA",38.9955785,-76.949257
168,2023-00020294,03/01/23 21:00,03/02/23 16:00,Suspicious Activity,CBE,"8200 Baltimore Ave, College Park, MD 20740, USA",38.9920655,-76.9338547
169,2023-00020301,03/02/23 16:34,03/02/23 17:45,Emergency Petition,CBE,"4800 Harvard Rd, College Park, MD 20740, USA",38.9775943,-76.9313256
170,2023-00020318,03/02/23 21:00,03/02/23 21:16,Threat Assessment,Active/Pending,"John S. Toll Physics Building, 4150 Campus Dr, College Park, MD 20740, USA",38.988616,-76.9399996
171,2023-00020425,03/03/23 02:13,03/03/23 02:13,DWI/DUI,Arrest,"College Ave, College Park, MD, USA",38.9804379,-76.9303192
172,2023-00020622,03/03/23 14:50,03/03/23 14:50,Emergency Petition,CBE,"3983 Campus Dr, College Park, MD 20742, USA",38.9872383,-76.9444561
173,2023-00020684,03/03/23 10:00,03/03/23 17:53,Extortion,Active/Pending,"8600 Boteler Ln, College Park, MD 20740, USA",39.0026221,-76.9417428
174,2023-00020759,03/03/23 20:30,03/03/23 22:11,Vandalism,Investigation Pending,"3981 Denton Service Ln, College Park, MD 20742, USA",38.9923917,-76.9489353
175,2023-00020767,03/03/23 18:00,03/03/23 22:32,Hate Bias Incident,Active/Pending,"3900 Denton Service Ln, College Park, MD 20740, USA",38.993375,-76.94968999999999
176,2023-00020772,03/03/23 22:43,03/03/23 22:43,DWI/DUI,Arrest,"6903 Preinkert Dr, College Park, MD 20740, USA",38.9827818,-76.94462519999999
177,2023-00020788,03/03/23 23:55,03/04/23 00:03,Pedestrian Struck,Active/Pending,"3972 Campus Dr, College Park, MD 20742, USA",38.9881767,-76.94466779999999
178,2023-00020810,03/04/23 02:02,03/04/23 02:02,Assist Other Agency / Other,CBE,"8200 Baltimore Ave, College Park, MD 20740, USA",38.9920655,-76.9338547
179,2023-00020812,03/04/23 02:09,03/04/23 02:09,Assault,Summons Issued,"Symons Hall, 7998 Regents Dr, College Park, MD 20742, USA",38.9870947,-76.9406504
180,2023-00021047,03/04/23 00:00,03/04/23 20:45,Vandalism,Active/Pending,"Hagerstown Hall, Hagerstown Hall, 8075 Hagerstown Ln, College Park, MD 20742, USA",38.9924323,-76.9474865
181,2023-00021065,03/04/23 23:00,03/04/23 23:00,Alcohol Violation,Arrest,"4700 Rossborough Ln, College Park, MD 20740, USA",38.984393,-76.9328633
182,2023-00021100,03/04/23 22:00,03/05/23 01:32,Hate Bias Incident,Unfounded,"7030 Preinkert Dr, College Park, MD 20742, USA",38.98316579999999,-76.94576909999999
183,2023-00021102,03/05/23 02:24,03/05/23 02:24,DWI/DUI,Arrest,"Baltimore Ave, College Park, MD, USA",38.9979916,-76.9315488
184,2023-00021120,03/05/23 02:00,03/05/23 05:05,Assist Other Agency / Other,CBE,"4700 Berwyn House Rd, College Park, MD 20740, USA",38.9922887,-76.93176129999999
185,2023-00021331,03/05/23 02:00,03/05/23 17:38,Hate Bias Incident,Active/Pending,"3912 Denton Service Ln, College Park, MD 20742, USA",38.9939083,-76.94958609999999
186,2023-00021334,03/05/23 17:15,03/05/23 18:37,Theft,Investigation Pending,"La Plata Hall, 8160 Farm Dr, College Park, MD 20742, USA",38.9924924,-76.9458894
187,2023-00021357,03/05/23 21:53,03/05/23 21:58,Accident - Departmental,CBE,"7814 Regents Dr, College Park, MD 20742, USA",38.9849416,-76.94080989999999
188,2023-00021433,03/06/23 02:30,03/06/23 02:30,DWI/DUI,Arrest,"University Blvd E, College Park, MD, USA",38.9955785,-76.949257
189,2023-00021514,02/24/23 13:00,03/06/23 09:24,Theft,Investigation Pending,"7900 Regents Dr, College Park, MD 20740, USA",38.9860074,-76.9401467
190,2023-00021519,03/06/23 09:35,03/06/23 09:35,Other Incident,CBE,"7800 Regents Dr, College Park, MD 20740, USA",38.9851566,-76.94080389999999
191,2023-00021571,03/04/23 18:52,03/06/23 11:36,Burglary,CBE,"3972 Campus Dr, College Park, MD 20742, USA",38.9881767,-76.94466779999999
192,2023-00021584,03/06/23 12:20,03/06/23 12:30,Theft,Active/Pending,"3854 Stadium Dr, College Park, MD 20742, USA",38.99224540000001,-76.9499816
193,2023-00021606,03/06/23 14:02,03/06/23 14:02,Injured/Sick Person,CBE,"ARTEMESIA BUILDING, 8400 Baltimore Ave, College Park, MD 20740, USA",38.9936993,-76.933247
194,2023-00021641,03/06/23 13:00,03/06/23 16:25,Check on the  Welfare,CBE,"South Campus Commons #3, College Park, MD 20740, USA",38.9814517,-76.9397662
195,2023-00021676,03/06/23 20:00,03/06/23 21:39,Injured/Sick Person,CBE,"Susquehanna Hall, 4200 Lehigh Rd, College Park, MD 20742, USA",38.9821079,-76.9437359
196,2023-00021692,03/06/23 21:46,03/06/23 23:19,Theft,Active/Pending,"7675 Baltimore Ave, College Park, MD 20740, USA",38.985037,-76.936431
197,2023-00021703,03/07/23 00:11,03/07/23 00:11,Assist Other Agency / Theft,CBE,"Mowatt Ln, College Park, MD, USA",38.982206,-76.9469234
198,2023-00021837,03/06/23 14:00,03/07/23 09:18,Vandalism,Investigation Pending,"7901 Regents Dr, College Park, MD 20742, USA",38.986011,-76.939931
199,2023-00021883,03/07/23 09:10,03/07/23 12:16,Injured/Sick Person,CBE,"University of Maryland, 7147 51st Ave, College Park, MD 20740, USA",38.97613140000001,-76.9253234
200,2023-00021889,03/07/23 10:50,03/07/23 12:23,Injured/Sick Person,CBE,"4200 Valley Dr, College Park, MD 20742, USA",38.9931171,-76.9428499
201,2023-00021951,03/07/23 18:56,03/07/23 18:56,CDS Violation,CBE,"4200 Farm Dr, College Park, MD 20740, USA",38.99148539999999,-76.943916
202,2023-00021988,03/07/23 20:55,03/07/23 20:55,Suspicious Activity,CBE,"Plant Sciences Building, 4291 Fieldhouse Dr, College Park, MD 20742, USA",38.9888289,-76.94117
203,2023-00022039,03/07/23 23:05,03/07/23 23:05,Disorderly Conduct,Arrest,"Knox Rd, College Park, MD, USA",38.9807639,-76.9373825
204,2023-00022104,03/08/23 02:00,03/08/23 02:00,Emergency Petition,CBE,"7200 Preinkert Dr, College Park, MD 20740, USA",38.9835785,-76.9451641
205,2023-00022117,02/08/23 04:06,03/08/23 04:06,Extortion (Title IX Related),Active/Pending,"4500 Hartwick Rd, College Park, MD 20740, USA",38.9794408,-76.9371614
206,2023-00022173,03/08/23 10:05,03/08/23 10:20,Vandalism,CBE,"4170 Union Ln, College Park, MD 20742, USA",38.9887421,-76.9461374
207,2023-00022174,03/08/23 09:57,03/08/23 10:33,Injured/Sick Person,CBE,"3900 Campus Dr, College Park, MD 20742, USA",38.98595479999999,-76.94751149999999
208,2023-00022231,03/08/23 15:55,03/08/23 16:33,Assist Other Agency / Other,CBE,"5825 University Research Ct suite 4001, College Park, MD 20740, USA",38.9709338,-76.92190169999999
209,2023-00022244,02/28/23 18:00,03/08/23 17:36,Threat Assessment,Active/Pending,"7200 Preinkert Dr, College Park, MD 20740, USA",38.9835785,-76.9451641
210,2023-00022337,03/08/23 16:00,03/09/23 01:02,Extortion,Active/Pending,"Pocomoke Building, 7569 Baltimore Ave, College Park, MD 20742, USA",38.9829309,-76.93713629999999
211,2023-00022399,03/08/23 17:00,03/09/23 09:03,Injured/Sick Person,CBE,"Bob ""Turtle"" Smith Stadium, 4122 Fieldhouse Dr, College Park, MD 20742, USA",38.9887937,-76.94456869999999
212,2023-00022450,02/16/23 08:30,03/09/23 11:31,Suspicious Activity,CBE,"8056 Regents Dr, College Park, MD 20742, USA",38.989536,-76.940928
213,2023-00022467,03/08/23 18:30,03/09/23 12:56,Theft,Investigation Pending,"4136 Stadium Dr, College Park, MD 20740, USA",38.99125000000001,-76.9447426
214,2023-00022492,02/19/23 08:00,03/09/23 15:13,Theft,Investigation Pending,"South Campus Commons #3, College Park, MD 20740, USA",38.9814517,-76.9397662
215,2023-00022537,03/09/23 18:25,03/09/23 18:25,Injured/Sick Person,CBE,"8500 Paint Branch Dr, College Park, MD 20740, USA",38.9957391,-76.94180639999999
216,2023-00022542,03/09/23 18:47,03/09/23 18:47,Found/Recovered Property,CBE,"8500 Paint Branch Dr, College Park, MD 20740, USA",38.9957391,-76.94180639999999
217,2023-00022548,03/09/23 19:19,03/09/23 19:19,Alarm,CBE,"Fraternity Fields, College Park, MD 20740, USA",38.9839005,-76.9365783
218,2023-00022609,03/09/23 16:00,03/09/23 23:58,Theft,Investigation Pending,"Manufacturing Bldg, 8197 Regents Dr, College Park, MD 20740, USA",38.9928737,-76.9394138
219,2023-00022618,03/10/23 00:24,03/10/23 00:24,Alcohol Violation,Arrest,"College Ave, College Park, MD, USA",38.9804379,-76.9303192
220,2023-00022625,03/10/23 00:58,03/10/23 00:58,Assault,Arrest,"7300 Baltimore Ave, College Park, MD 20740, USA",38.9798471,-76.938289
221,2023-00022627,03/10/23 00:30,03/10/23 01:03,Assist Other Agency / Death Investigation,CBE,"3700 Campus Dr, College Park, MD 20740, USA",38.9846637,-76.9509793
222,2023-00022772,03/09/23 19:00,03/10/23 10:48,Theft,Investigation Pending,"Stadium Dr, College Park, MD 20740, USA",38.9918209,-76.94666769999999
223,2023-00022792,03/10/23 12:34,03/10/23 12:34,Emergency Petition,CBE,"55 Diamondback Dr, College Park, MD 20740, USA",38.9863931,-76.933836
224,2023-00022799,03/09/23 07:30,03/10/23 13:01,Other Incident,CBE,"Pocomoke Building, 7569 Baltimore Ave, College Park, MD 20742, USA",38.9829309,-76.93713629999999
225,2023-00022903,03/10/23 21:22,03/10/23 21:22,Injured/Sick Person,CBE,"4600 College Ave, College Park, MD 20740, USA",38.9815716,-76.9344835
226,2023-00022908,03/10/23 22:38,03/10/23 22:38,Injured/Sick Person,CBE,"7500 Calvert Service Ln, College Park, MD 20740, USA",38.9822813,-76.9424628
227,2023-00022909,03/10/23 22:41,03/10/23 22:41,Injured/Sick Person,CBE,"4509 Knox Rd, College Park, MD 20740, USA",38.9805608,-76.93712599999999
228,2023-00022934,03/11/23 00:30,03/11/23 00:30,Injured/Sick Person,CBE,"La Plata Hall, 8160 Farm Dr, College Park, MD 20742, USA",38.9924924,-76.9458894
229,2023-00022935,03/10/23 17:00,03/11/23 00:44,Theft,Investigation Pending,"4118 Stadium Dr, College Park, MD 20742, USA",38.9910261,-76.9455306
230,2023-00022945,03/11/23 01:15,03/11/23 01:15,Other Incident,CBE,"8125 Paint Branch Dr, College Park, MD 20742, USA",38.9891232,-76.9364707
231,2023-00022946,12/12/22 00:00,03/11/23 01:22,Theft,Investigation Pending,"William E. Kirwan Hall, 4176 Campus Dr, College Park, MD 20742, USA",38.9889643,-76.9392171
232,2023-00022947,03/11/23 01:45,03/11/23 01:45,Injured/Sick Person,CBE,"8169 Paint Branch Dr, College Park, MD 20740, USA",38.98999999999999,-76.93611109999999
233,2023-00022965,03/11/23 03:02,03/11/23 03:02,DWI/DUI,Arrest,"University Blvd E, College Park, MD, USA",38.9955785,-76.949257
234,2023-00023008,03/11/23 08:23,03/11/23 08:43,Injured/Sick Person,CBE,"4201 Valley Dr, College Park, MD 20740, USA",38.9928231,-76.9434709
235,2023-00023053,03/09/23 12:00,03/11/23 10:34,Theft,Investigation Pending,"7809 Regents Dr, College Park, MD 20740, USA",38.9853763,-76.9398659
236,2023-00023109,03/11/23 06:17,03/11/23 15:31,Vandalism,Active/Pending,"Ehrensberger Dr, College Park, MD 20742, USA",38.9865,-76.9546635
237,2023-00023127,03/11/23 10:00,03/11/23 17:44,Burglary,Active/Pending,"A.V. Williams Bldg, 8223 Paint Branch Dr, College Park, MD 20740, USA",38.9907707,-76.9364399
238,2023-00023156,03/11/23 20:43,03/11/23 20:43,Injured/Sick Person,CBE,"Stadium Dr, College Park, MD 20740, USA",38.9918209,-76.94666769999999
239,2023-00023167,03/05/23 23:00,03/11/23 22:33,Theft,Active/Pending,"Hagerstown Hall, Hagerstown Hall, 8075 Hagerstown Ln, College Park, MD 20742, USA",38.9924323,-76.9474865
240,2023-00023191,03/11/23 23:43,03/11/23 23:43,Injured/Sick Person,CBE,"School of Public Health Building, 4200 Valley Dr, College Park, MD 20742, USA",38.993454,-76.9431565
241,2023-00023221,03/12/23 01:34,03/12/23 01:34,Disorderly Conduct,Arrest,"Baltimore Ave, College Park, MD, USA",38.9979916,-76.9315488
242,2023-00023275,03/12/23 07:30,03/12/23 09:34,Damage to State Property,CBE,"3942 Campus Dr, College Park, MD 20742, USA",38.9866483,-76.94732859999999
243,2023-00023384,03/12/23 14:45,03/12/23 15:18,Theft,Active/Pending,"7600 Regents Dr, College Park, MD 20740, USA",38.9827235,-76.9396555
244,2023-00023393,03/12/23 16:10,03/12/23 16:10,Animal Complaint,Active/Pending,"Farm Dr, College Park, MD 20740, USA",38.9924835,-76.9451314
245,2023-00023426,10/24/22 00:01,03/12/23 21:14,Rape,Active/Pending,"Leonardtown Office Bldg, College Park, MD 20740, USA",38.9836811,-76.9325266
246,2023-00023472,03/13/23 01:01,03/13/23 01:21,Assist Other Agency / Robbery,CBE,"8900 Rhode Island Ave, College Park, MD 20740, USA",38.998498,-76.9262913
247,2023-00023512,03/10/23 16:30,03/13/23 06:29,Burglary,Active/Pending,"8483 Paint Branch Dr, College Park, MD 20742, USA",38.9947123,-76.9368964
248,2023-00023634,03/09/23 22:00,03/13/23 10:02,Theft,Summons Issued,"7093 Preinkert Dr, College Park, MD 20740, USA",38.9833309,-76.9437058
249,2023-00023667,03/11/23 01:29,03/13/23 11:47,Burglary,Summons Issued,"William E. Kirwan Hall, 4176 Campus Dr, College Park, MD 20742, USA",38.9889643,-76.9392171
250,2023-00023671,03/13/23 12:25,03/13/23 12:25,Assist Other Agency / Other,CBE,"ARTEMESIA BUILDING, 8400 Baltimore Ave, College Park, MD 20740, USA",38.9936993,-76.933247
251,2023-00023782,03/13/23 16:30,03/13/23 17:31,Assist Other Agency / Other,CBE,"8700 Baltimore Ave, College Park, MD 20740, USA",38.9974021,-76.9319864
252,2023-00023848,03/13/23 22:00,03/14/23 00:16,Vandalism,Active/Pending,"4310 Knox Rd, College Park, MD 20740, USA",38.9812715,-76.9414146
253,2023-00023902,03/06/23 08:00,03/14/23 07:09,Theft,Investigation Pending,"4100 Campus Dr, College Park, MD 20740, USA",38.9875385,-76.94255849999999
254,2023-00023950,03/14/23 11:25,03/14/23 11:27,Injured/Sick Person,CBE,"4128 Valley Dr, College Park, MD 20742, USA",38.9936034,-76.94517359999999
255,2023-00023964,03/04/23 19:58,03/14/23 14:21,Theft,Active/Pending,"3900 Denton Service Ln, College Park, MD 20740, USA",38.993375,-76.94968999999999
256,2023-00023965,03/13/23 14:30,03/14/23 14:39,Theft,Active/Pending,"7660 Regents Dr, College Park, MD 20742, USA",38.9825215,-76.9408413
257,2023-00024012,03/14/23 16:52,03/14/23 16:52,Recovered Stolen Property,CBE,"3501 University Blvd E, Adelphi, MD 20783, USA",38.9864552,-76.95399309999999
258,2023-00024042,03/14/23 20:35,03/14/23 20:35,Trespassing,Arrest,"7744 Regents Dr, College Park, MD 20742, USA",38.984158,-76.94049799999999
259,2023-00024204,03/15/23 11:00,03/15/23 12:25,Injured/Sick Person,CBE,"3983 Campus Dr, College Park, MD 20742, USA",38.9872383,-76.9444561
260,2023-00024272,03/15/23 17:45,03/15/23 17:56,Peeping Tom (Title IX Related),Active/Pending,"7218 Preinkert Dr, College Park, MD 20742, USA",38.9837452,-76.94570499999999
261,2023-00024293,03/15/23 19:32,03/15/23 19:32,Injured/Sick Person,CBE,"7 Fraternity Row, College Park, MD 20740, USA",38.9839381,-76.9340374
262,2023-00024367,03/15/23 23:53,03/15/23 23:53,CDS Violation,Arrest,"College Park, MD, USA",38.9896967,-76.93776
263,2023-00024456,03/16/23 09:25,03/16/23 09:30,Injured/Sick Person,CBE,"7700 Adelphi Rd, Adelphi, MD 20783, USA",38.9843299,-76.9557145
264,2023-00024476,03/15/23 21:00,03/16/23 10:43,Theft,Investigation Pending,"3951 Denton Service Ln, College Park, MD 20742, USA",38.9926583,-76.949814
265,2023-00024489,03/15/23 01:23,03/16/23 11:50,Burglary,Active/Pending,"4100 Campus Dr, College Park, MD 20740, USA",38.9875385,-76.94255849999999
266,2023-00024599,03/16/23 19:45,03/16/23 19:45,Injured/Sick Person,CBE,"4128 Valley Dr, College Park, MD 20742, USA",38.9936034,-76.94517359999999
267,2023-00024683,03/16/23 22:45,03/17/23 00:56,Injured/Sick Person,CBE,"Charles Hall, 4405 Lehigh Rd, College Park, MD 20742, USA",38.9815781,-76.9405551
268,2023-00024692,03/17/23 01:00,03/17/23 01:20,Injured/Sick Person,CBE,"3912 Denton Service Ln, College Park, MD 20742, USA",38.9939083,-76.94958609999999
269,2023-00024709,03/17/23 02:43,03/17/23 02:43,Traffic Arrest,Arrest,"Adelphi Rd, College Park, MD, USA",38.9872753,-76.9563928
270,2023-00024843,02/28/23 07:45,03/17/23 13:29,Other Incident,Active/Pending,"5245 Greenbelt Rd, College Park, MD 20740, USA",38.99664610000001,-76.921685
271,2023-00024864,07/06/22 17:00,03/17/23 15:56,Fraud,Active/Pending,"3972 Campus Dr, College Park, MD 20742, USA",38.9881767,-76.94466779999999
272,2023-00024943,03/17/23 19:00,03/17/23 19:08,Theft,Active/Pending,"3400 Tulane Dr, Adelphi, MD 20783, USA",38.9849082,-76.9585946
273,2023-00024976,03/17/23 20:29,03/17/23 20:29,Recovered Stolen Property,CBE,"Hagerstown Hall, Hagerstown Hall, 8075 Hagerstown Ln, College Park, MD 20742, USA",38.9924323,-76.9474865
274,2023-00025052,03/18/23 00:44,03/18/23 00:44,Injured/Sick Person,CBE,"4400 Knox Rd, College Park, MD 20740, USA",38.9809529,-76.93875779999999
275,2023-00025260,03/16/23 21:20,03/18/23 13:29,Assist Other Agency / Assault,Active/Pending,"8150 Baltimore Ave, College Park, MD 20740, USA",38.9908676,-76.93432849999999
276,2023-00025506,03/19/23 03:04,03/19/23 03:04,DWI/DUI,Arrest,"Campus Dr, College Park, MD, USA",38.9840218,-76.9321987
277,2023-00025680,03/19/23 16:41,03/19/23 16:41,False Report/Statement,Arrest,"Lehigh Rd, College Park, MD, USA",38.9811819,-76.9365011
278,2023-00025684,03/19/23 17:50,03/19/23 18:16,Injured/Sick Person,CBE,"8500 Paint Branch Dr, College Park, MD 20740, USA",38.9957391,-76.94180639999999
279,2023-00025886,03/20/23 09:31,03/20/23 09:31,Suspicious Person/Auto,CBE,"4310 Knox Rd, College Park, MD 20740, USA",38.9812715,-76.9414146
280,2023-00026430,03/21/23 22:47,03/21/23 22:47,DWI/DUI,Arrest,"University Blvd E, College Park, MD, USA",38.9955785,-76.949257
281,2023-00026488,03/22/23 02:03,03/22/23 02:03,Emergency Petition,CBE,"3501 University Blvd E, Adelphi, MD 20783, USA",38.9864552,-76.95399309999999
282,2023-00026650,03/22/23 17:20,03/22/23 17:52,Theft,Active/Pending,"Technology Ventures Building, 5018 College Ave, College Park, MD 20740, USA",38.9795324,-76.9252784
283,2023-00026767,03/23/23 04:30,03/23/23 04:52,Suspicious Person/Auto,Active/Pending,"3424 Tulane Dr, Hyattsville, MD 20783, USA",38.9846488,-76.9573158
284,2023-00026879,03/23/23 12:34,03/23/23 12:34,Injured/Sick Person,CBE,"4170 Union Ln, College Park, MD 20742, USA",38.9887421,-76.9461374
285,2023-00026907,03/23/23 16:35,03/23/23 16:35,Assault,Arrest,"Baltimore Ave, College Park, MD, USA",38.9979916,-76.9315488
286,2023-00027082,03/24/23 07:12,03/24/23 07:12,Injured/Sick Person,CBE,"3501 University Blvd E, Adelphi, MD 20783, USA",38.9864552,-76.95399309999999
287,2023-00027224,03/17/23 10:00,03/24/23 13:43,Theft,Active/Pending,"Shuttle Bus Facility, 8537 Paint Branch Dr, College Park, MD 20740, USA",38.9955054,-76.9371038
288,2023-00027263,03/24/23 16:33,03/24/23 16:33,Trespassing,Arrest,"William E. Kirwan Hall, 4176 Campus Dr, College Park, MD 20742, USA",38.9889643,-76.9392171
289,2023-00027404,03/25/23 01:25,03/25/23 01:25,Theft,Arrest,"Energy Research Facility, 8279 Paint Branch Dr, College Park, MD 20742, USA",38.9919723,-76.9368108
290,2023-00027626,03/25/23 16:30,03/25/23 16:38,Injured/Sick Person,CBE,"8500 Paint Branch Dr, College Park, MD 20740, USA",38.9957391,-76.94180639999999
291,2023-00027629,03/25/23 16:45,03/25/23 17:04,Injured/Sick Person,CBE,"8500 Paint Branch Dr, College Park, MD 20740, USA",38.9957391,-76.94180639999999
292,2023-00027711,03/25/23 23:06,03/25/23 23:16,CDS Violation,Arrest,"Knox Rd, College Park, MD, USA",38.9807639,-76.9373825
293,2023-00027776,03/26/23 04:29,03/26/23 04:34,Injured/Sick Person,CBE,"University Blvd E, College Park, MD, USA",38.9955785,-76.949257
294,2023-00027850,03/26/23 11:02,03/26/23 11:03,Suspicious Person/Auto,CBE,"3501 University Blvd E, Adelphi, MD 20783, USA",38.9864552,-76.95399309999999
295,2023-00028039,03/26/23 19:30,03/27/23 00:21,Sex Offense (Title IX Related),Arrest,"3400 Tulane Dr, Adelphi, MD 20783, USA",38.9849082,-76.9585946
296,2023-00028054,03/27/23 01:23,03/27/23 01:23,Injured/Sick Person,CBE,"7200 Preinkert Dr, College Park, MD 20740, USA",38.9835785,-76.9451641
297,2023-00028085,03/27/23 00:30,03/27/23 03:39,Injured/Sick Person,CBE,"7405 Preinkert Dr, College Park, MD 20742, USA",38.9846284,-76.9450255
298,2023-00028097,03/27/23 04:40,03/27/23 04:40,Damage to State Property,CBE,"Environmental Services Facility, College Park, MD 20740, USA",38.9964518,-76.9437359
299,2023-00028107,03/27/23 07:05,03/27/23 07:05,Damage to State Property,CBE,"4200 Fieldhouse Dr, College Park, MD 20740, USA",38.9888627,-76.94385179999999
300,2023-00028186,03/27/23 10:05,03/27/23 10:10,Indecent Exposure,Arrest,"3400 Tulane Dr, Adelphi, MD 20783, USA",38.9849082,-76.9585946
301,2023-00028229,03/17/23 19:30,03/27/23 11:32,Theft,Investigation Pending,"7570 Regents Dr, College Park, MD 20742, USA",38.9818893,-76.9392989
302,2023-00028269,03/26/23 19:00,03/27/23 13:56,Theft,Active/Pending,"Hagerstown Hall, Hagerstown Hall, 8075 Hagerstown Ln, College Park, MD 20742, USA",38.9924323,-76.9474865
303,2023-00028368,03/16/23 08:00,03/27/23 19:10,Theft,Active/Pending,"St Mary's Hall, 3949 Campus Dr, College Park, MD 20742, USA",38.9869541,-76.9456225
304,2023-00028392,03/27/23 20:48,03/27/23 20:48,Emergency Petition,CBE,"Parren J. Mitchell Art-Sociology Building, 3834 Campus Dr, College Park, MD 20742, USA",38.9851345,-76.9477726
305,2023-00028398,03/27/23 22:11,03/27/23 22:11,Theft,Arrest,"8125 Paint Branch Dr, College Park, MD 20742, USA",38.9891232,-76.9364707
306,2023-00028407,03/27/23 23:05,03/27/23 23:25,Injured/Sick Person,CBE,"3424 Tulane Dr, Hyattsville, MD 20783, USA",38.9846488,-76.9573158
307,2023-00028411,03/27/23 23:43,03/27/23 23:43,Injured/Sick Person,CBE,"8097 La Plata Drive, College Park, MD 20742, USA",38.9920012,-76.9450171
308,2023-00028540,03/28/23 09:53,03/28/23 09:53,Suspicious Person/Auto,CBE,"3400 Tulane Dr, Adelphi, MD 20783, USA",38.9849082,-76.9585946
309,2023-00028583,03/28/23 16:26,03/28/23 16:26,Injured/Sick Person,CBE,"6903 Preinkert Dr, College Park, MD 20740, USA",38.9827818,-76.94462519999999
310,2023-00028593,03/17/23 14:00,03/28/23 17:35,Theft,Investigation Pending,"7570 Regents Dr, College Park, MD 20742, USA",38.9818893,-76.9392989
311,2023-00028596,03/26/23 12:00,03/28/23 17:58,Theft,Active/Pending,"St Mary's Hall, 3949 Campus Dr, College Park, MD 20742, USA",38.9869541,-76.9456225
312,2023-00028638,03/28/23 20:48,03/28/23 20:48,DWI/DUI,Arrest,"Zeta Beta Tau (Social Fraternity), 14 Fraternity Row, College Park, MD 20740, USA",38.9832282,-76.937186
313,2023-00028811,03/23/23 09:30,03/29/23 09:29,Assist Other Agency / Check on the Welfare,CBE,"7200 Bowdoin Ave, College Park, MD 20740, USA",38.9765799,-76.92980299999999
314,2023-00028823,03/27/23 22:30,03/29/23 11:16,Theft,Active/Pending,"4243 Valley Dr, College Park, MD 20742, USA",38.99225939999999,-76.94215369999999
315,2023-00028837,03/12/23 00:00,03/29/23 13:57,Theft,Active/Pending,"7570 Regents Dr, College Park, MD 20742, USA",38.9818893,-76.9392989
316,2023-00028839,03/28/23 22:00,03/29/23 14:09,Theft,Active/Pending,"3917 Denton Service Ln, College Park, MD 20742, USA",38.9930175,-76.95025919999999
317,2023-00028985,03/30/23 00:54,03/30/23 00:54,Injured/Sick Person,CBE,"4600 College Ave, College Park, MD 20740, USA",38.9815716,-76.9344835
318,2023-00029101,03/30/23 08:20,03/30/23 08:58,Injured/Sick Person,CBE,"4500 Campus Dr, College Park, MD 20740, USA",38.9832269,-76.9289216
319,2023-00029239,03/30/23 22:38,03/30/23 22:38,Assist Other Agency / Other,CBE,"8100 48th Ave, College Park, MD 20740, USA",38.9895451,-76.93252679999999
320,2023-00029276,03/31/23 00:09,03/31/23 00:09,Injured/Sick Person,CBE,"3900 Denton Service Ln, College Park, MD 20740, USA",38.993375,-76.94968999999999
321,2023-00029335,03/31/23 02:09,03/31/23 02:56,Assist Other Agency / Other,CBE,"4700 Norwich Rd, College Park, MD 20740, USA",38.9819843,-76.93143599999999
322,2023-00029575,03/31/23 16:29,03/31/23 16:49,Injured/Sick Person,CBE,"4200 Farm Dr, College Park, MD 20740, USA",38.99148539999999,-76.943916
323,2023-00029595,03/31/23 17:05,03/31/23 17:45,Alcohol Violation,Arrest,"Knox Rd, College Park, MD, USA",38.9807639,-76.9373825
324,2023-00029631,03/31/23 19:00,03/31/23 19:08,Injured/Sick Person,CBE,"McKeldin Mall, 7998 Regents Dr, College Park, MD 20742, USA",38.9860033,-76.94241540000002
325,2023-00029649,03/31/23 19:54,03/31/23 19:54,CDS Violation,Arrest,"Baltimore Ave, College Park, MD, USA",38.9979916,-76.9315488
